modelo,RMSE,R2,MAE,Bias
baseline,4.432930176090961,-0.0008677215865517951,3.687786232869936,-0.13052471388050663
modelo1,3.722472021321437,0.29423878788754665,2.9820934086093476,-0.21689178753724953
modelo2,4.074478751822383,0.15445053995551528,3.3168310639348877,-0.15695759623229488
