modelo,RMSE,R2,MAE,Bias
baseline,4.432930176090961,-0.0008677215865517951,3.687786232869936,-0.13052471388050663
modelo1,4.064751486858197,0.15848298986723408,3.3235226735855408,-0.15810485698042354
modelo2,4.067306718020874,0.1574246489776916,3.3120890512678165,-0.14532094190974146
