variable,loading,abs_loading_rank
hora_central,0.6295464072582981,1
hora_sin,-0.5912174499051844,2
hora_cos,0.4716295728640191,3
duracion_min,0.15498203246154116,4
Y,-0.06730845289072722,5
Ranking Regional,-0.042845308262474416,6
Velocidad km/h,0.02200442113693157,7
Largo_km_log1p,0.01919849833831364,8
Largo km,0.018351273456216555,9
X,-0.011120667868460648,10
