variable,loading,abs_loading_rank
Largo_km_log1p,0.5440812052226512,1
Ranking Regional,-0.5102337255313737,2
Largo km,0.5078492608492895,3
duracion_min,0.32285776666614824,4
Velocidad km/h,0.25720364562733455,5
hora_central,-0.06593744719826276,6
X,-0.06564638021112093,7
hora_sin,0.05812373712882983,8
hora_cos,-0.050841810431166756,9
Y,-0.026739674725793805,10
