variable,loading,abs_loading_rank
hora_inicio_num,0.6828665947684414,1
hora_fin_num,0.6762725431888905,2
Largo km,-0.18000511244890624,3
Ranking Regional,0.16156989285277656,4
Velocidad km/h,-0.09514491600873087,5
Y,-0.056264467717117704,6
duracion_horas,0.05170480661149925,7
duracion_min,0.05170480661149923,8
X,0.016642441849639287,9
Z,6.938893903907228e-17,10
